Job Role,Company,Required Skills,Job Description,Link
Data Analyst Intern,ABC Corp,"Python, SQL, Excel, Data Visualization","Analyze business data to create interactive dashboards and reports for internal teams. Assist senior analysts in performing data cleaning, aggregation, and visualization tasks. Work closely with the product and marketing teams to gather requirements and translate them into actionable insights. Support management in preparing weekly and monthly performance reports. Participate in ad hoc projects related to data quality and business analytics.","https://example.com/job1"
Junior Data Analyst,XYZ Ltd,"Excel, SQL, Tableau, Python","Prepare and maintain regular business reports and KPI dashboards. Use SQL to extract, clean, and aggregate data from multiple sources. Develop interactive visualizations in Tableau to communicate insights to stakeholders. Collaborate with cross-functional teams including finance, marketing, and operations to identify business trends. Assist in automating repetitive reporting tasks using Python scripts.","https://example.com/job2"
Data Analyst Intern,DataTech,"Python, SQL, Power BI, Excel","Work on large datasets to identify trends, patterns, and correlations. Perform data validation, cleaning, and transformation to ensure high-quality analytics. Build Power BI dashboards and present insights to management. Support the analytics team in analyzing sales, marketing, and operational data. Document processes and maintain data pipelines for future reporting needs.","https://example.com/job3"
Data Analyst,Insight Analytics,"Python, SQL, Excel, Tableau","Collect and process structured and unstructured data from internal and external sources. Develop automated reports and dashboards in Tableau to monitor business performance. Conduct exploratory data analysis to support strategic business initiatives. Collaborate with stakeholders to understand requirements and provide actionable insights. Identify data anomalies and recommend process improvements to maintain data accuracy.","https://example.com/job4"
Junior Data Analyst,TechSolutions,"Excel, SQL, Python, Data Visualization","Assist in preparing weekly and monthly business performance reports for management. Use Python scripts to automate repetitive tasks and improve efficiency. Generate visualizations for presentations and stakeholder meetings. Perform basic statistical analysis to identify trends and anomalies. Work closely with the operations and finance teams to ensure data integrity and accuracy.","https://example.com/job5"
Data Analyst Intern,FinEdge,"SQL, Excel, Python, Tableau","Perform data extraction from multiple sources using SQL and Excel. Analyze transactional and financial data to detect patterns, trends, and insights. Build interactive dashboards and reports in Tableau for senior management. Collaborate with business teams to understand reporting requirements. Document analysis and maintain a knowledge base for future reference.","https://example.com/job6"
Associate Data Analyst,NextGen Analytics,"Python, SQL, Power BI, Excel","Perform detailed data analysis on marketing and sales datasets. Transform raw data into clean, structured formats for analysis. Develop interactive dashboards and visual reports using Power BI. Provide actionable insights to support business strategy and decision-making. Work with cross-functional teams to identify opportunities for process improvement and automation.","https://example.com/job7"
Data Analyst Intern,SmartData,"Python, SQL, Excel, Data Cleaning","Support senior analysts in data cleaning, preparation, and validation tasks. Generate reports on key business metrics and KPIs. Perform exploratory data analysis to detect patterns and anomalies. Assist in preparing visual dashboards for management presentations. Participate in ad hoc analytics projects to improve data quality and business insight.","https://example.com/job8"
Junior Data Analyst,Global Insights,"Excel, SQL, Python, Visualization","Collect, clean, and analyze operational and sales data from various sources. Create visualizations using Excel, Python libraries, and Tableau to communicate findings effectively. Collaborate with business stakeholders to understand data requirements. Provide recommendations based on data insights to improve operational efficiency. Document analysis methodologies and maintain data pipelines for consistent reporting.","https://example.com/job9"
Data Analyst,Alpha Analytics,"Python, SQL, Tableau, Excel","Analyze customer, marketing, and operational data to identify trends, correlations, and actionable insights. Build automated dashboards and reports in Tableau to monitor business performance. Support strategic decision-making through data-driven recommendations. Collaborate with product, sales, and marketing teams to gather requirements. Identify areas for process improvement and ensure data quality and accuracy in all analytics outputs.","https://example.com/job10"
